Lemma,Number,Case,Form,Current Status,Proposed Status,Action
господь,Singular,Nominative,г͞ь,,ambiguous,SET
господь,Singular,Nominative,господь,,ambiguous,SET
господь,Singular,Nominative,господь,,ambiguous,SET
господь,Singular,Nominative,господь,,ambiguous,SET
господь,Singular,Nominative,господь,,ambiguous,SET
господь,Singular,Nominative,господь,,ambiguous,SET
господь,Singular,Nominative,господь,,ambiguous,SET
господь,Singular,Nominative,господь,,ambiguous,SET
господь,Singular,Nominative,господь,,ambiguous,SET
господь,Singular,Nominative,господь,,ambiguous,SET
господь,Singular,Nominative,господь,,ambiguous,SET
господь,Singular,Nominative,господь,,ambiguous,SET
господь,Singular,Nominative,господь,,ambiguous,SET
господь,Singular,Nominative,господь,,ambiguous,SET
господь,Singular,Nominative,господь,,ambiguous,SET
господь,Singular,Nominative,господь,,ambiguous,SET
господь,Singular,Nominative,господь҆,,ambiguous,SET
господь,Singular,Nominative,господь҆,,ambiguous,SET
господь,Singular,Nominative,господь҆,,ambiguous,SET
господь,Singular,Nominative,господь҆,,ambiguous,SET
господь,Singular,Nominative,господь҆,,ambiguous,SET
господь,Singular,Nominative,господь҆,,ambiguous,SET
господь,Singular,Nominative,господь҆,,ambiguous,SET
господь,Singular,Nominative,господь҆,,ambiguous,SET
господь,Singular,Nominative,господь҆,,ambiguous,SET
господь,Singular,Nominative,господь҆,,ambiguous,SET
господь,Singular,Nominative,господь҆,,ambiguous,SET
господь,Singular,Nominative,господь҆,,ambiguous,SET
господь,Singular,Nominative,господь҆,,ambiguous,SET
господь,Singular,Nominative,господь҆,,ambiguous,SET
господь,Singular,Nominative,господь҆,,ambiguous,SET
господь,Singular,Nominative,господь҆,,ambiguous,SET
господь,Singular,Nominative,господь҆,,ambiguous,SET
господь,Singular,Nominative,господь҆,,ambiguous,SET
господь,Singular,Nominative,господь҆,,ambiguous,SET
господь,Singular,Nominative,господь҆,,ambiguous,SET
господь,Singular,Nominative,господь҆,,ambiguous,SET
господь,Singular,Nominative,господь҆,,ambiguous,SET
господь,Singular,Nominative,господь҆,,ambiguous,SET
господь,Singular,Nominative,господь҆,,ambiguous,SET
господь,Singular,Nominative,господь҆,,ambiguous,SET
господь,Singular,Nominative,господь҆,,ambiguous,SET
господь,Singular,Nominative,господь҆,,ambiguous,SET
господь,Singular,Nominative,господь҆,,ambiguous,SET
господь,Singular,Nominative,господь҆,,ambiguous,SET
господь,Singular,Nominative,господь҆,,ambiguous,SET
господь,Singular,Nominative,господь҆,,ambiguous,SET
господь,Singular,Nominative,господь҆,,ambiguous,SET
господь,Singular,Nominative,господь҆,,ambiguous,SET
господь,Singular,Nominative,господь҆,,ambiguous,SET
господь,Singular,Nominative,господь҆,,ambiguous,SET
господь,Singular,Nominative,господь҆,,ambiguous,SET
господь,Singular,Nominative,господь҆,,ambiguous,SET
господь,Singular,Nominative,господь҆,,ambiguous,SET
господь,Singular,Nominative,господь҆,,ambiguous,SET
господь,Singular,Nominative,гь,,ambiguous,SET
господь,Singular,Nominative,г꙯ь,,ambiguous,SET
господь,Singular,Nominative,г꙯ь,,ambiguous,SET
господь,Singular,Nominative,г꙯ь,,ambiguous,SET
господь,Singular,Nominative,г꙯ь,,ambiguous,SET
господь,Singular,Nominative,г꙯ь,,ambiguous,SET
господь,Singular,Nominative,г꙯ь,,ambiguous,SET
господь,Singular,Nominative,г꙯ь,,ambiguous,SET
господь,Singular,Nominative,г꙯ь,,ambiguous,SET
господь,Singular,Nominative,г꙯ь,,ambiguous,SET
господь,Singular,Nominative,г꙯ь,,ambiguous,SET
господь,Singular,Nominative,г꙯ь,,ambiguous,SET
господь,Singular,Nominative,г꙯ь,,ambiguous,SET
господь,Singular,Nominative,г꙯ь,,ambiguous,SET
господь,Singular,Nominative,г꙯ь,,ambiguous,SET
господь,Singular,Nominative,г꙯ь,,ambiguous,SET
господь,Singular,Nominative,г꙯ь,,ambiguous,SET
господь,Singular,Nominative,г꙯ь,,ambiguous,SET
господь,Singular,Nominative,г꙯ь,,ambiguous,SET
господь,Singular,Nominative,г꙯ь,,ambiguous,SET
господь,Singular,Nominative,г꙯ь,,ambiguous,SET
господь,Singular,Nominative,г꙯ь,,ambiguous,SET
господь,Singular,Nominative,г꙯ь,,ambiguous,SET
господь,Singular,Nominative,г꙯ь,,ambiguous,SET
господь,Singular,Nominative,г꙯ь,,ambiguous,SET
господь,Singular,Nominative,г꙯ь,,ambiguous,SET
господь,Singular,Nominative,г꙯ь,,ambiguous,SET
господь,Singular,Nominative,г꙯ь,,ambiguous,SET
господь,Singular,Nominative,г꙯ь,,ambiguous,SET
господь,Singular,Nominative,г꙯ь,,ambiguous,SET
господь,Singular,Nominative,г꙯ь,,ambiguous,SET
господь,Singular,Nominative,г꙯ь,,ambiguous,SET
господь,Singular,Nominative,г꙯ь,,ambiguous,SET
господь,Singular,Nominative,г꙯ь,,ambiguous,SET
господь,Singular,Nominative,г꙯ь,,ambiguous,SET
господь,Singular,Nominative,г꙯ь,,ambiguous,SET
господь,Singular,Nominative,г꙯ь,,ambiguous,SET
господь,Singular,Nominative,г꙯ь,,ambiguous,SET
господь,Singular,Nominative,г꙯ь,,ambiguous,SET
господь,Singular,Nominative,г꙯ь,,ambiguous,SET
господь,Singular,Nominative,г꙯ь,,ambiguous,SET
господь,Singular,Nominative,г꙯ь,,ambiguous,SET
господь,Singular,Nominative,г꙯ь,,ambiguous,SET
господь,Singular,Nominative,г꙯ь,,ambiguous,SET
господь,Singular,Nominative,г꙯ь,,ambiguous,SET
господь,Singular,Nominative,г꙯ь,,ambiguous,SET
господь,Singular,Nominative,г꙯ь,,ambiguous,SET
господь,Singular,Nominative,г꙯ь,,ambiguous,SET
,,,,,,
звѣрь,Singular,Nominative,ꙁвѣрь,,ambiguous,SET
звѣрь,Singular,Nominative,ꙁвѣрь҆,,ambiguous,SET
огнь,Singular,Nominative,огн҄ь,,ambiguous,SET
огнь,Singular,Nominative,о҅гн҄ь,,ambiguous,SET
огнь,Singular,Nominative,о҅гн҄ь,,ambiguous,SET
огнь,Singular,Nominative,о҅гн҄ь,,ambiguous,SET
огнь,Singular,Nominative,о҅гн҄ь,,ambiguous,SET
огнь,Singular,Nominative,о҅гн҄ь,,ambiguous,SET
огнь,Singular,Nominative,о҅гн҄ь,,ambiguous,SET
огнь,Singular,Nominative,о҅гн҄ь,,ambiguous,SET
огнь,Singular,Nominative,о҅гн҄ь,,ambiguous,SET
огнь,Singular,Nominative,о҅гн҄ь,,ambiguous,SET
огнь,Singular,Nominative,о҅гн҄ь,,ambiguous,SET
огнь,Singular,Nominative,о҅гн҄ь,,ambiguous,SET
огнь,Singular,Nominative,о҅гн҄ь,,ambiguous,SET
огнь,Singular,Nominative,о҅гн҄ь,,ambiguous,SET
огнь,Singular,Nominative,о҅гн҄ь,,ambiguous,SET
огнь,Singular,Nominative,о҅гн҄ь,,ambiguous,SET
огнь,Singular,Nominative,о҅гн҄ь,,ambiguous,SET
огнь,Singular,Nominative,о҅гн҄ь,,ambiguous,SET
огнь,Singular,Nominative,о҅гн҄ь,,ambiguous,SET
оушидь,Singular,Nominative,о҄ушидь҆,,ambiguous,SET
пѫть,Singular,Nominative,пѫть҆,,ambiguous,SET
пѫть,Singular,Nominative,пѫть҆,,ambiguous,SET
пѫть,Singular,Nominative,пѫть҆,,ambiguous,SET
чрьвь,Singular,Nominative,чръвь҆,,ambiguous,SET
чрьвь,Singular,Nominative,чрь҆вь҆,,ambiguous,SET
господь,Singular,Nominative,господꙿ,,ambiguous,UNMATCHED
господь,Singular,Nominative,господꙿ,,ambiguous,UNMATCHED
господь,Singular,Nominative,г꙯ъ,,ambiguous,UNMATCHED
господь,Singular,Nominative,г꙯ъ,,ambiguous,UNMATCHED
звѣрь,Singular,Nominative,ꙁвѣрꙿ,,ambiguous,UNMATCHED
огнь,Singular,Nominative,о҅гнъ,,ambiguous,UNMATCHED
господь,Singular,Accusative,господь,,ambiguous,SET
грътань,Singular,Accusative,грьтань҆,,ambiguous,SET
грътань,Singular,Accusative,грьтань҆,,ambiguous,SET
звѣрь,Singular,Accusative,ꙁвѣрь҆,,ambiguous,SET
зѧть,Singular,Accusative,ꙁꙙть,,ambiguous,SET
огнь,Singular,Accusative,огн҄ь,,ambiguous,SET
огнь,Singular,Accusative,огн҄ь,,ambiguous,SET
огнь,Singular,Accusative,огн҄ь,,ambiguous,SET
огнь,Singular,Accusative,о҅гн҄ь,,ambiguous,SET
огнь,Singular,Accusative,о҅гн҄ь,,ambiguous,SET
огнь,Singular,Accusative,о҅гн҄ь,,ambiguous,SET
огнь,Singular,Accusative,о҅гн҄ь,,ambiguous,SET
огнь,Singular,Accusative,о҅гн҄ь,,ambiguous,SET
огнь,Singular,Accusative,о҅гн҄ь,,ambiguous,SET
огнь,Singular,Accusative,о҅гн҄ь,,ambiguous,SET
огнь,Singular,Accusative,о҅гн҄ь,,ambiguous,SET
огнь,Singular,Accusative,о҅гн҄ь,,ambiguous,SET
огнь,Singular,Accusative,о҅гн҄ь,,ambiguous,SET
огнь,Singular,Accusative,о҅гн҄ь,,ambiguous,SET
огнь,Singular,Accusative,о҅гн҄ь,,ambiguous,SET
огнь,Singular,Accusative,о҅гн҄ь,,ambiguous,SET
огнь,Singular,Accusative,о҅гн҄ь,,ambiguous,SET
огнь,Singular,Accusative,о҅гн҄ь,,ambiguous,SET
огнь,Singular,Accusative,о҅гн҄ь,,ambiguous,SET
огнь,Singular,Accusative,о҅гн҄ь,,ambiguous,SET
огнь,Singular,Accusative,о҅гн҄ь,,ambiguous,SET
огнь,Singular,Accusative,о҅гн҄ь,,ambiguous,SET
огнь,Singular,Accusative,о҅гн҄ь,,ambiguous,SET
огнь,Singular,Accusative,о҅гн҄ь,,ambiguous,SET
огнь,Singular,Accusative,о҅гн҄ь,,ambiguous,SET
огнь,Singular,Accusative,о҅гн҄ь,,ambiguous,SET
огнь,Singular,Accusative,о҅гн҄ь,,ambiguous,SET
огнь,Singular,Accusative,о҅гн҄ь,,ambiguous,SET
огнь,Singular,Accusative,о҅гн҄ь,,ambiguous,SET
огнь,Singular,Accusative,о҅гн҄ь,,ambiguous,SET
огнь,Singular,Accusative,о҅гн҄ь,,ambiguous,SET
пѫть,Singular,Accusative,пѫть,,ambiguous,SET
пѫть,Singular,Accusative,пѫть,,ambiguous,SET
пѫть,Singular,Accusative,пѫть,,ambiguous,SET
пѫть,Singular,Accusative,пѫть҆,,ambiguous,SET
пѫть,Singular,Accusative,пѫть҆,,ambiguous,SET
пѫть,Singular,Accusative,пѫть҆,,ambiguous,SET
пѫть,Singular,Accusative,пѫть҆,,ambiguous,SET
пѫть,Singular,Accusative,пѫть҆,,ambiguous,SET
пѫть,Singular,Accusative,пѫть҆,,ambiguous,SET
пѫть,Singular,Accusative,пѫть҆,,ambiguous,SET
пѫть,Singular,Accusative,пѫть҆,,ambiguous,SET
пѫть,Singular,Accusative,пѫть҆,,ambiguous,SET
пѫть,Singular,Accusative,пѫть҆,,ambiguous,SET
пѫть,Singular,Accusative,пѫть҆,,ambiguous,SET
пѫть,Singular,Accusative,пѫть҆,,ambiguous,SET
пѫть,Singular,Accusative,пѫть҆,,ambiguous,SET
пѫть,Singular,Accusative,пѫть҆,,ambiguous,SET
пѫть,Singular,Accusative,пѫть҆,,ambiguous,SET
пѫть,Singular,Accusative,пѫть҆,,ambiguous,SET
пѫть,Singular,Accusative,пѫть҆,,ambiguous,SET
господь,Singular,Accusative,господꙿ,,ambiguous,UNMATCHED
господь,Singular,Genitive,господи,,etymological,SET
господь,Singular,Genitive,господи,,etymological,SET
господь,Singular,Genitive,господи,,etymological,SET
господь,Singular,Genitive,г꙯и,,etymological,SET
господь,Singular,Genitive,г꙯и,,etymological,SET
господь,Singular,Genitive,г꙯и,,etymological,SET
господь,Singular,Genitive,г꙯и,,etymological,SET
господь,Singular,Genitive,г꙯и,,etymological,SET
господь,Singular,Genitive,г꙯и,,etymological,SET
господь,Singular,Genitive,г꙯и,,etymological,SET
господь,Singular,Genitive,г꙯и,,etymological,SET
господь,Singular,Genitive,г꙯и,,etymological,SET
господь,Singular,Genitive,г꙯и,,etymological,SET
звѣрь,Singular,Genitive,ꙁвѣри,,etymological,SET
звѣрь,Singular,Genitive,ꙁвѣри,,etymological,SET
звѣрь,Singular,Genitive,ꙁвѣри,,etymological,SET
зѧть,Singular,Genitive,ꙁꙙти,,etymological,SET
огнь,Singular,Genitive,о҅гн҄и,,etymological,SET
огнь,Singular,Genitive,о҅гн҄и,,etymological,SET
огнь,Singular,Genitive,о҅гн҄и,,etymological,SET
пѫть,Singular,Genitive,пѫти,,etymological,SET
пѫть,Singular,Genitive,пѫти,,etymological,SET
пѫть,Singular,Genitive,пѫти,,etymological,SET
пѫть,Singular,Genitive,пѫти,,etymological,SET
пѫть,Singular,Genitive,пѫти,,etymological,SET
пѫть,Singular,Genitive,пѫти,,etymological,SET
пѫть,Singular,Genitive,пѫти,,etymological,SET
пѫть,Singular,Genitive,пѫти,,etymological,SET
тать,Singular,Genitive,тати,,etymological,SET
господь,Singular,Genitive,га꙯,,analogical,SET
господь,Singular,Genitive,гопода,,analogical,SET
господь,Singular,Genitive,господа,,analogical,SET
господь,Singular,Genitive,господа,,analogical,SET
господь,Singular,Genitive,господа,,analogical,SET
господь,Singular,Genitive,господа,,analogical,SET
господь,Singular,Genitive,господа,,analogical,SET
господь,Singular,Genitive,господа,,analogical,SET
господь,Singular,Genitive,господа,,analogical,SET
господь,Singular,Genitive,господа,,analogical,SET
господь,Singular,Genitive,господа,,analogical,SET
господь,Singular,Genitive,господа,,analogical,SET
господь,Singular,Genitive,господа,,analogical,SET
господь,Singular,Genitive,господа,,analogical,SET
господь,Singular,Genitive,господа,,analogical,SET
господь,Singular,Genitive,господа,,analogical,SET
господь,Singular,Genitive,господа,,analogical,SET
господь,Singular,Genitive,господа,,analogical,SET
господь,Singular,Genitive,господа,,analogical,SET
господь,Singular,Genitive,господа,,analogical,SET
господь,Singular,Genitive,господа,,analogical,SET
господь,Singular,Genitive,господа,,analogical,SET
господь,Singular,Genitive,господа,,analogical,SET
господь,Singular,Genitive,господа,,analogical,SET
господь,Singular,Genitive,господа,,analogical,SET
господь,Singular,Genitive,господа,,analogical,SET
господь,Singular,Genitive,господа,,analogical,SET
господь,Singular,Genitive,господа,,analogical,SET
господь,Singular,Genitive,господа,,analogical,SET
господь,Singular,Genitive,господа,,analogical,SET
господь,Singular,Genitive,господа,,analogical,SET
господь,Singular,Genitive,г꙯а,,analogical,SET
господь,Singular,Genitive,г꙯а,,analogical,SET
господь,Singular,Genitive,г꙯а,,analogical,SET
господь,Singular,Genitive,г꙯а,,analogical,SET
господь,Singular,Genitive,г꙯а,,analogical,SET
господь,Singular,Genitive,г꙯а,,analogical,SET
господь,Singular,Genitive,г꙯а,,analogical,SET
господь,Singular,Genitive,г꙯а,,analogical,SET
господь,Singular,Genitive,г꙯а,,analogical,SET
господь,Singular,Genitive,г꙯а,,analogical,SET
господь,Singular,Genitive,г꙯а,,analogical,SET
господь,Singular,Genitive,г꙯а,,analogical,SET
господь,Singular,Genitive,г꙯а,,analogical,SET
господь,Singular,Genitive,г꙯а,,analogical,SET
господь,Singular,Genitive,г꙯а,,analogical,SET
господь,Singular,Genitive,г꙯а,,analogical,SET
господь,Singular,Genitive,г꙯а,,analogical,SET
господь,Singular,Genitive,г꙯а,,analogical,SET
господь,Singular,Genitive,г꙯а,,analogical,SET
господь,Singular,Genitive,г꙯а,,analogical,SET
господь,Singular,Genitive,г꙯а,,analogical,SET
господь,Singular,Genitive,г꙯а,,analogical,SET
господь,Singular,Genitive,г꙯а,,analogical,SET
господь,Singular,Genitive,г꙯а,,analogical,SET
господь,Singular,Genitive,г꙯а,,analogical,SET
господь,Singular,Genitive,г꙯а,,analogical,SET
господь,Singular,Genitive,г꙯а,,analogical,SET
господь,Singular,Genitive,г꙯а,,analogical,SET
господь,Singular,Genitive,г꙯а,,analogical,SET
господь,Singular,Genitive,г꙯а,,analogical,SET
господь,Singular,Genitive,г꙯а,,analogical,SET
господь,Singular,Genitive,г꙯а,,analogical,SET
господь,Singular,Genitive,г꙯а,,analogical,SET
господь,Singular,Genitive,г꙯а,,analogical,SET
господь,Singular,Genitive,г꙯а,,analogical,SET
господь,Singular,Genitive,г꙯а,,analogical,SET
господь,Singular,Genitive,г꙯а,,analogical,SET
господь,Singular,Genitive,г꙯а,,analogical,SET
господь,Singular,Genitive,г꙯а,,analogical,SET
господь,Singular,Genitive,г꙯а,,analogical,SET
господь,Singular,Genitive,г꙯а,,analogical,SET
господь,Singular,Genitive,г꙯а,,analogical,SET
господь,Singular,Genitive,г꙯а,,analogical,SET
звѣрь,Singular,Genitive,ꙁвѣрѣ,,analogical,SET
звѣрь,Singular,Genitive,ꙁвѣрѣ,,analogical,SET
звѣрь,Singular,Genitive,ꙁвѣрѣ,,analogical,SET
огнь,Singular,Genitive,о҅гʼнꙗ,,analogical,SET
огнь,Singular,Genitive,о҅гнѣ,,analogical,SET
огнь,Singular,Genitive,о҅гн҄ѣ,,analogical,SET
огнь,Singular,Genitive,о҅гн҄ѣ,,analogical,SET
огнь,Singular,Genitive,о҅гн҄ѣ,,analogical,SET
огнь,Singular,Genitive,о҅гн҄ѣ,,analogical,SET
огнь,Singular,Genitive,о҅гн҄ѣ,,analogical,SET
огнь,Singular,Genitive,о҅гн҄ѣ,,analogical,SET
огнь,Singular,Genitive,о҅гн҄ѣ,,analogical,SET
огнь,Singular,Genitive,о҅гн҄ѣ,,analogical,SET
огнь,Singular,Genitive,о҅гнꙗ,,analogical,SET
огнь,Singular,Genitive,о҅гнꙗ,,analogical,SET
огнь,Singular,Genitive,о҅гнꙗ,,analogical,SET
огнь,Singular,Genitive,о҅гнꙗ,,analogical,SET
огнь,Singular,Genitive,о҆гʼн҄ѣ,,analogical,SET
господь,Singular,Dative,гв꙯и,,etymological,SET
господь,Singular,Dative,гв꙯и,,etymological,SET
господь,Singular,Dative,гв꙯и,,etymological,SET
господь,Singular,Dative,господи,,etymological,SET
господь,Singular,Dative,г꙯и,,etymological,SET
господь,Singular,Dative,г꙯и,,etymological,SET
господь,Singular,Dative,г꙯и,,etymological,SET
зѧть,Singular,Dative,ꙁꙙти,,etymological,SET
пѫть,Singular,Dative,пѫти,,etymological,SET
пѫть,Singular,Dative,пѫти,,etymological,SET
пѫть,Singular,Dative,пѫти,,etymological,SET
пѫть,Singular,Dative,пѫти,,etymological,SET
чрьвь,Singular,Dative,чрьви,,etymological,SET
господь,Singular,Dative,господеви,,analogical,SET
господь,Singular,Dative,господеви,,analogical,SET
господь,Singular,Dative,господеви,,analogical,SET
господь,Singular,Dative,господеви,,analogical,SET
господь,Singular,Dative,господеви,,analogical,SET
господь,Singular,Dative,господеви,,analogical,SET
господь,Singular,Dative,господеви,,analogical,SET
господь,Singular,Dative,господеви,,analogical,SET
господь,Singular,Dative,господеви,,analogical,SET
господь,Singular,Dative,господеви,,analogical,SET
господь,Singular,Dative,господеви,,analogical,SET
господь,Singular,Dative,господеви,,analogical,SET
господь,Singular,Dative,господеви,,analogical,SET
господь,Singular,Dative,господоу,,analogical,SET
господь,Singular,Dative,господоу,,analogical,SET
господь,Singular,Dative,господоу,,analogical,SET
господь,Singular,Dative,господоу,,analogical,SET
господь,Singular,Dative,господоу,,analogical,SET
господь,Singular,Dative,господоу,,analogical,SET
господь,Singular,Dative,господоу,,analogical,SET
господь,Singular,Dative,господоу,,analogical,SET
господь,Singular,Dative,господоу,,analogical,SET
господь,Singular,Dative,господоу,,analogical,SET
господь,Singular,Dative,господоу,,analogical,SET
господь,Singular,Dative,господоу,,analogical,SET
господь,Singular,Dative,господоу,,analogical,SET
господь,Singular,Dative,господоу,,analogical,SET
господь,Singular,Dative,господоу,,analogical,SET
господь,Singular,Dative,господоу,,analogical,SET
господь,Singular,Dative,господоу,,analogical,SET
господь,Singular,Dative,господоу,,analogical,SET
господь,Singular,Dative,господоу,,analogical,SET
господь,Singular,Dative,господоу,,analogical,SET
господь,Singular,Dative,господоу,,analogical,SET
господь,Singular,Dative,господоу,,analogical,SET
господь,Singular,Dative,го꙯у,,analogical,SET
господь,Singular,Dative,го꙯у,,analogical,SET
господь,Singular,Dative,го꙯у,,analogical,SET
господь,Singular,Dative,го꙯у,,analogical,SET
господь,Singular,Dative,го꙯у,,analogical,SET
господь,Singular,Dative,го꙯у,,analogical,SET
господь,Singular,Dative,го꙯у,,analogical,SET
господь,Singular,Dative,го꙯у,,analogical,SET
господь,Singular,Dative,го꙯у,,analogical,SET
господь,Singular,Dative,го꙯у,,analogical,SET
господь,Singular,Dative,го꙯у,,analogical,SET
господь,Singular,Dative,го꙯у,,analogical,SET
господь,Singular,Dative,го꙯у,,analogical,SET
господь,Singular,Dative,г꙯оу,,analogical,SET
господь,Singular,Dative,г꙯оу,,analogical,SET
господь,Singular,Dative,г꙯оу,,analogical,SET
гостиньць,Singular,Dative,гостинь҆цоу,,analogical,SET
огнь,Singular,Dative,о҅гню,,analogical,SET
огнь,Singular,Dative,о҅гню,,analogical,SET
огнь,Singular,Dative,о҅гню,,analogical,SET
огнь,Singular,Dative,о҅гню,,analogical,SET
огнь,Singular,Dative,о҅гню,,analogical,SET
огнь,Singular,Dative,о҅гню,,analogical,SET
огнь,Singular,Dative,о҅гню,,analogical,SET
огнь,Singular,Dative,о҅гню,,analogical,SET
огнь,Singular,Dative,о҅гню,,analogical,SET
огнь,Singular,Dative,о҅гню,,analogical,SET
огнь,Singular,Dative,о҅гню,,analogical,SET
огнь,Singular,Dative,о҅гню,,analogical,SET
огнь,Singular,Dative,о҅гню,,analogical,SET
огнь,Singular,Dative,о҅гню,,analogical,SET
огнь,Singular,Dative,о҅гню,,analogical,SET
огнь,Singular,Dative,о҅гню,,analogical,SET
огнь,Singular,Dative,о҅гню,,analogical,SET
огнь,Singular,Dative,о҅гню,,analogical,SET
огнь,Singular,Dative,о҅гн҄оу,,analogical,SET
огнь,Singular,Dative,о҅гнꙋ,,analogical,SET
господь,Singular,Instrumental,господьмь҆,,etymological,SET
огнь,Singular,Instrumental,о҅гн҄ьмъ,,etymological,SET
пѫть,Singular,Instrumental,пѫтьмъ,,etymological,SET
пѫть,Singular,Instrumental,пѫтьмь,,etymological,SET
пѫть,Singular,Instrumental,пѫтьмь,,etymological,SET
пѫть,Singular,Instrumental,пѫтьмь҆,,etymological,SET
пѫть,Singular,Instrumental,пѫть҆мъ,,etymological,SET
пѫть,Singular,Instrumental,пѫть҆мъ,,etymological,SET
пѫть,Singular,Instrumental,пѫть҆мь,,etymological,SET
пѫть,Singular,Instrumental,пѫть҆мь҆,,etymological,SET
пѫть,Singular,Instrumental,пѫть҆мь҆,,etymological,SET
пѫть,Singular,Instrumental,пѫть҆мь҆,,etymological,SET
голѫбь,Singular,Instrumental,голѫбемъ,,ambiguos,UNMATCHED
господь,Singular,Instrumental,гм꙯ь,,ambiguos,UNMATCHED
,,,,,ambiguos,
огнь,Singular,Instrumental,огн҄емъ,,ambiguos,UNMATCHED
огнь,Singular,Instrumental,огн҄емъ,,ambiguos,UNMATCHED
огнь,Singular,Instrumental,огн҄емъ,,ambiguos,UNMATCHED
огнь,Singular,Instrumental,о҅гн҄емъ,,ambiguos,UNMATCHED
огнь,Singular,Instrumental,о҅гн҄емъ,,ambiguos,UNMATCHED
огнь,Singular,Instrumental,о҅гн҄емъ,,ambiguos,UNMATCHED
огнь,Singular,Instrumental,о҅гн҄емъ,,ambiguos,UNMATCHED
огнь,Singular,Instrumental,о҅гн҄емъ,,ambiguos,UNMATCHED
огнь,Singular,Instrumental,о҅гн҄емъ,,ambiguos,UNMATCHED
огнь,Singular,Instrumental,о҅гн҄емъ,,ambiguos,UNMATCHED
огнь,Singular,Instrumental,о҅гн҄емъ,,ambiguos,UNMATCHED
огнь,Singular,Instrumental,о҅гн҄емъ,,ambiguos,UNMATCHED
огнь,Singular,Instrumental,о҅гн҄емъ,,ambiguos,UNMATCHED
огнь,Singular,Instrumental,о҅гн҄емъ,,ambiguos,UNMATCHED
огнь,Singular,Instrumental,о҅гн҄емъ,,ambiguos,UNMATCHED
огнь,Singular,Instrumental,о҅гн҄емъ,,ambiguos,UNMATCHED
огнь,Singular,Instrumental,о҅гн҄емъ,,ambiguos,UNMATCHED
огнь,Singular,Instrumental,о҅гн҄емъ,,ambiguos,UNMATCHED
огнь,Singular,Instrumental,о҅гн҄емь҆,,ambiguos,UNMATCHED
пѫть,Singular,Instrumental,пѫтемъ,,ambiguos,UNMATCHED
пѫть,Singular,Instrumental,пѫтемъ,,ambiguos,UNMATCHED
пѫть,Singular,Instrumental,пѫтемъ,,ambiguos,UNMATCHED
пѫть,Singular,Instrumental,пѫтемь,,ambiguos,UNMATCHED
пѫть,Singular,Instrumental,пѫтемь҆,,ambiguos,UNMATCHED
пѫть,Singular,Instrumental,пѫтемь҆,,ambiguos,UNMATCHED
пѫть,Singular,Instrumental,пѫтемь҆,,ambiguos,UNMATCHED
,,,,,,
господь,Singular,Locative,господи,,ambiguous,SET
господь,Singular,Locative,господи,,ambiguous,SET
господь,Singular,Locative,господи,,ambiguous,SET
господь,Singular,Locative,г꙯и,,ambiguous,SET
господь,Singular,Locative,г꙯и,,ambiguous,SET
господь,Singular,Locative,г꙯и,,ambiguous,SET
господь,Singular,Locative,г꙯и,,ambiguous,SET
господь,Singular,Locative,г꙯и,,ambiguous,SET
господь,Singular,Locative,г꙯и,,ambiguous,SET
господь,Singular,Locative,г꙯꙯꙯и,,ambiguous,SET
грътань,Singular,Locative,грътани,,ambiguous,SET
огнь,Singular,Locative,огн҄и,,ambiguous,SET
огнь,Singular,Locative,о҅гн҄и,,ambiguous,SET
огнь,Singular,Locative,о҅гн҄и,,ambiguous,SET
огнь,Singular,Locative,о҅гн҄и,,ambiguous,SET
пѫть,Singular,Locative,пѫти,,ambiguous,SET
пѫть,Singular,Locative,пѫти,,ambiguous,SET
пѫть,Singular,Locative,пѫти,,ambiguous,SET
пѫть,Singular,Locative,пѫти,,ambiguous,SET
пѫть,Singular,Locative,пѫти,,ambiguous,SET
пѫть,Singular,Locative,пѫти,,ambiguous,SET
пѫть,Singular,Locative,пѫти,,ambiguous,SET
пѫть,Singular,Locative,пѫти,,ambiguous,SET
пѫть,Singular,Locative,пѫти,,ambiguous,SET
пѫть,Singular,Locative,пѫти,,ambiguous,SET
пѫть,Singular,Locative,пѫти,,ambiguous,SET
пѫть,Singular,Locative,пѫти,,ambiguous,SET
господь,Singular,Locative,господі,,ambiguous,UNMATCHED
господь,Singular,Vocative,Ги꙯,,etymological,SET
господь,Singular,Vocative,г͞и,,etymological,SET
господь,Singular,Vocative,ги,,etymological,SET
господь,Singular,Vocative,ги꙯,,etymological,SET
господь,Singular,Vocative,ги꙯,,etymological,SET
господь,Singular,Vocative,господи,,etymological,SET
господь,Singular,Vocative,господи,,etymological,SET
господь,Singular,Vocative,господи,,etymological,SET
господь,Singular,Vocative,господи,,etymological,SET
господь,Singular,Vocative,господи,,etymological,SET
господь,Singular,Vocative,господи,,etymological,SET
господь,Singular,Vocative,господи,,etymological,SET
господь,Singular,Vocative,господи,,etymological,SET
господь,Singular,Vocative,господи,,etymological,SET
господь,Singular,Vocative,господи,,etymological,SET
господь,Singular,Vocative,господи,,etymological,SET
господь,Singular,Vocative,господи,,etymological,SET
господь,Singular,Vocative,господи,,etymological,SET
господь,Singular,Vocative,господи,,etymological,SET
господь,Singular,Vocative,господи,,etymological,SET
господь,Singular,Vocative,господи,,etymological,SET
господь,Singular,Vocative,господи,,etymological,SET
господь,Singular,Vocative,господи,,etymological,SET
господь,Singular,Vocative,господи,,etymological,SET
господь,Singular,Vocative,господи,,etymological,SET
господь,Singular,Vocative,господи,,etymological,SET
господь,Singular,Vocative,господи,,etymological,SET
господь,Singular,Vocative,господи,,etymological,SET
господь,Singular,Vocative,господи,,etymological,SET
господь,Singular,Vocative,господи,,etymological,SET
господь,Singular,Vocative,господи,,etymological,SET
господь,Singular,Vocative,господи,,etymological,SET
господь,Singular,Vocative,господи,,etymological,SET
господь,Singular,Vocative,г꙯и,,etymological,SET
господь,Singular,Vocative,г꙯и,,etymological,SET
господь,Singular,Vocative,г꙯и,,etymological,SET
господь,Singular,Vocative,г꙯и,,etymological,SET
господь,Singular,Vocative,г꙯и,,etymological,SET
господь,Singular,Vocative,г꙯и,,etymological,SET
господь,Singular,Vocative,г꙯и,,etymological,SET
господь,Singular,Vocative,г꙯и,,etymological,SET
господь,Singular,Vocative,г꙯и,,etymological,SET
господь,Singular,Vocative,г꙯и,,etymological,SET
господь,Singular,Vocative,г꙯и,,etymological,SET
господь,Singular,Vocative,г꙯и,,etymological,SET
господь,Singular,Vocative,г꙯и,,etymological,SET
господь,Singular,Vocative,г꙯и,,etymological,SET
господь,Singular,Vocative,г꙯и,,etymological,SET
господь,Singular,Vocative,г꙯и,,etymological,SET
господь,Singular,Vocative,г꙯и,,etymological,SET
господь,Singular,Vocative,г꙯и,,etymological,SET
господь,Singular,Vocative,г꙯и,,etymological,SET
господь,Singular,Vocative,г꙯и,,etymological,SET
господь,Singular,Vocative,г꙯и,,etymological,SET
господь,Singular,Vocative,г꙯и,,etymological,SET
господь,Singular,Vocative,г꙯и,,etymological,SET
господь,Singular,Vocative,г꙯и,,etymological,SET
господь,Singular,Vocative,г꙯и,,etymological,SET
господь,Singular,Vocative,г꙯и,,etymological,SET
господь,Singular,Vocative,г꙯и,,etymological,SET
господь,Singular,Vocative,г꙯и,,etymological,SET
господь,Singular,Vocative,г꙯и,,etymological,SET
господь,Singular,Vocative,г꙯и,,etymological,SET
господь,Singular,Vocative,г꙯и,,etymological,SET
господь,Singular,Vocative,г꙯и,,etymological,SET
господь,Singular,Vocative,г꙯и,,etymological,SET
господь,Singular,Vocative,г꙯и,,etymological,SET
господь,Singular,Vocative,г꙯и,,etymological,SET
господь,Singular,Vocative,г꙯и,,etymological,SET
господь,Singular,Vocative,г꙯и,,etymological,SET
господь,Singular,Vocative,г꙯и,,etymological,SET
господь,Singular,Vocative,г꙯и,,etymological,SET
господь,Singular,Vocative,г꙯и,,etymological,SET
господь,Singular,Vocative,г꙯и,,etymological,SET
господь,Singular,Vocative,г꙯и,,etymological,SET
господь,Singular,Vocative,г꙯и,,etymological,SET
господь,Singular,Vocative,г꙯и,,etymological,SET
господь,Singular,Vocative,г꙯и,,etymological,SET
господь,Singular,Vocative,г꙯и,,etymological,SET
господь,Singular,Vocative,г꙯и,,etymological,SET
господь,Singular,Vocative,г꙯и,,etymological,SET
господь,Singular,Vocative,г꙯и,,etymological,SET
господь,Singular,Vocative,г꙯и,,etymological,SET
господь,Singular,Vocative,г꙯и,,etymological,SET
господь,Singular,Vocative,г꙯и,,etymological,SET
господь,Singular,Vocative,г꙯и,,etymological,SET
господь,Singular,Vocative,г꙯и,,etymological,SET
господь,Singular,Vocative,г꙯и,,etymological,SET
господь,Singular,Vocative,г꙯и,,etymological,SET
господь,Singular,Vocative,г꙯и,,etymological,SET
господь,Singular,Vocative,г꙯и,,etymological,SET
господь,Singular,Vocative,годподі,,etymological,UNMATCHED
,,,,,,
,,,,,,
звѣрь,Plural,Nominative,ꙁвѣриѥ,,etymological,SET
звѣрь,Plural,Nominative,ꙁвѣриѥ,,etymological,SET
звѣрь,Plural,Nominative,ꙁвѣриѥ,,etymological,SET
звѣрь,Plural,Nominative,ꙁвѣриѥ,,etymological,SET
звѣрь,Plural,Nominative,ꙁвѣриѥ,,etymological,SET
звѣрь,Plural,Nominative,ꙁвѣриѥ,,etymological,SET
звѣрь,Plural,Nominative,ꙁвѣриѥ҅,,etymological,SET
звѣрь,Plural,Nominative,ꙁвѣриѥ҆,,etymological,SET
звѣрь,Plural,Nominative,ꙁвѣриѥ҆,,etymological,SET
звѣрь,Plural,Nominative,ꙁвѣриѥ҆,,etymological,SET
людиѥ,Plural,Nominative,людиѥ,,etymological,SET
людиѥ,Plural,Nominative,людиѥ,,etymological,SET
людиѥ,Plural,Nominative,людиѥ,,etymological,SET
людиѥ,Plural,Nominative,людиѥ,,etymological,SET
людиѥ,Plural,Nominative,людиѥ,,etymological,SET
людиѥ,Plural,Nominative,людиѥ,,etymological,SET
людиѥ,Plural,Nominative,людиѥ҅,,etymological,SET
людиѥ,Plural,Nominative,людиѥ҆,,etymological,SET
людиѥ,Plural,Nominative,людиѥ҆,,etymological,SET
людиѥ,Plural,Nominative,людиѥ҆,,etymological,SET
людиѥ,Plural,Nominative,людиѥ҆,,etymological,SET
людиѥ,Plural,Nominative,людь҆ѥ,,etymological,SET
пѫть,Plural,Nominative,пѫтиѥ,,etymological,SET
пѫть,Plural,Nominative,пѫтиѥ,,etymological,SET
чрьвь,Plural,Nominative,чръвьѥ,,etymological,SET
,,,,,,
звѣрь,Plural,Accusative,ꙁвѣри,,etymological,SET
звѣрь,Plural,Accusative,ꙁвѣри,,etymological,SET
звѣрь,Plural,Accusative,ꙁвѣри,,etymological,SET
звѣрь,Plural,Accusative,ꙁвѣри,,etymological,SET
звѣрь,Plural,Accusative,ꙁвѣри,,etymological,SET
звѣрь,Plural,Accusative,ꙁвѣри,,etymological,SET
звѣрь,Plural,Accusative,ꙁвѣри,,etymological,SET
звѣрь,Plural,Accusative,ꙁвѣри,,etymological,SET
звѣрь,Plural,Accusative,ꙁвѣри,,etymological,SET
людиѥ,Plural,Accusative,люди,,etymological,SET
людиѥ,Plural,Accusative,люди,,etymological,SET
людиѥ,Plural,Accusative,люди,,etymological,SET
людиѥ,Plural,Accusative,люди,,etymological,SET
людиѥ,Plural,Accusative,люди,,etymological,SET
людиѥ,Plural,Accusative,люди,,etymological,SET
людиѥ,Plural,Accusative,люди,,etymological,SET
людиѥ,Plural,Accusative,люди,,etymological,SET
людиѥ,Plural,Accusative,люди,,etymological,SET
огнь,Plural,Accusative,о҅гн҄и,,etymological,SET
пѫть,Plural,Accusative,пѫти,,etymological,SET
господь,Plural,Genitive,господиї,,etymological,SET
звѣрь,Plural,Genitive,ꙁвѣрии,,etymological,SET
звѣрь,Plural,Genitive,ꙁвѣрии,,etymological,SET
звѣрь,Plural,Genitive,ꙁвѣрии҆,,etymological,SET
звѣрь,Plural,Genitive,ꙁвѣрии҆,,etymological,SET
звѣрь,Plural,Genitive,ꙁвѣрии҆,,etymological,SET
звѣрь,Plural,Genitive,ꙁвѣрии҆,,etymological,SET
звѣрь,Plural,Genitive,ꙁвѣрии҆,,etymological,SET
людиѥ,Plural,Genitive,людии,,etymological,SET
людиѥ,Plural,Genitive,людии,,etymological,SET
людиѥ,Plural,Genitive,людии,,etymological,SET
людиѥ,Plural,Genitive,людии҆,,etymological,SET
людиѥ,Plural,Genitive,людии҆,,etymological,SET
людиѥ,Plural,Genitive,людии҆,,etymological,SET
людиѥ,Plural,Genitive,людии҆,,etymological,SET
людиѥ,Plural,Genitive,людиї,,etymological,SET
ѫгль,Plural,Genitive,ѫ҅глии҆,,etymological,SET
звѣрь,Plural,Dative,ꙁвѣрь҆мъ,,etymological,SET
звѣрь,Plural,Dative,ꙁвѣрь҆мъ,,etymological,SET
людиѥ,Plural,Dative,людь҆мъ,,etymological,SET
гость,Plural,Dative,гостемъ,,ambiguos,UNMATCHED
звѣрь,Plural,Dative,ꙁвѣремъ,,ambiguos,UNMATCHED
звѣрь,Plural,Dative,ꙁвѣремъ,,ambiguos,UNMATCHED
звѣрь,Plural,Dative,ꙁвѣремъ,,ambiguos,UNMATCHED
людиѥ,Plural,Dative,людемъ,,ambiguos,UNMATCHED
людиѥ,Plural,Dative,людемъ,,ambiguos,UNMATCHED
людиѥ,Plural,Dative,людемъ,,ambiguos,UNMATCHED
людиѥ,Plural,Dative,людемь,,ambiguos,UNMATCHED
людиѥ,Plural,Dative,людемь҆,,ambiguos,UNMATCHED
грътань,Plural,Instrumental,грътань҆ми,,etymological,SET
звѣрь,Plural,Instrumental,ꙁвѣрьми,,etymological,SET
звѣрь,Plural,Instrumental,ꙁвѣрьми,,etymological,SET
звѣрь,Plural,Instrumental,ꙁвѣрь҆ми,,etymological,SET
звѣрь,Plural,Instrumental,ꙁвѣрь҆ми,,etymological,SET
звѣрь,Plural,Instrumental,ꙁвѣрь҆ми,,etymological,SET
людиѥ,Plural,Instrumental,людьми,,etymological,SET
людиѥ,Plural,Instrumental,людь҆ми,,etymological,SET
людиѥ,Plural,Instrumental,людь҆ми,,etymological,SET
людиѥ,Plural,Instrumental,людь҆ми,,etymological,SET
дрьколь,Plural,Instrumental,дрʼколʼми,,etymological,SET
людиѥ,Plural,Locative,людехъ,,etymological,SET
людиѥ,Plural,Locative,людехъ,,etymological,SET
господь,Plural,Vocative,господиѥ҆,,etymological,SET
